,file_name,ZCR,EnergyEntropy,SpectralCentroid,SpectralSpread,SpectralEntropy,SpectralFlux,avqi_result
0,1046-a_n.wav,0.000791903632887,0.138817510306,0.00349781143403,0.00661043982792,0.0012939040153,0.000118270783939,3.726123247
1,1046-i_n.wav,0.000537117246654,0.183947550287,0.00613922286807,0.0103965601721,0.00652665671128,0.00010735499044,3.188019683
2,1046-phrase.wav,0.00175825571702,0.235973026214,0.00903340133843,0.0146899469981,0.0117180919312,0.00145637497132,6.21458858
3,1046-u_n.wav,0.00080032,0.15019221608,0.00344930135755,0.00761794057361,0.000563361529637,0.000222893173996,4.52981324
4,1047-a_n.wav,0.00166491045889,0.215745168681,0.00450306917782,0.00873854745698,0.00152661110899,0.000481874684512,1.148812269
5,1047-i_n.wav,0.000986245200765,0.247507962371,0.00676154650096,0.0128041189675,0.00448384107075,0.000478847246654,0.082866235
6,1047-phrase.wav,0.00244686768642,0.276486386711,0.010210907782,0.0166409181071,0.0162748180497,0.00289221592734,5.056420113
7,1047-u_n.wav,0.000452953575526,0.177737956922,0.00478098162524,0.00995649359465,0.000787439732314,0.000241076443595,3.462700857
8,107-a_n.wav,0.00116069355641,0.148692214723,0.00331125944551,0.00659235745698,0.00123876216061,0.00025167581262,0.83925957
9,107-i_n.wav,0.00091049791587,0.161282544532,0.00592634072658,0.00942863646272,0.00529098936902,0.000201374665392,2.00149218
10,107-phrase.wav,0.00507813057361,0.301663500344,0.0139837292925,0.0187233069407,0.0352305151237,0.00213125239006,5.430838319
11,107-u_n.wav,0.000426174225621,0.131031691415,0.00375494678776,0.00732473294455,0.00113195768642,0.000149641720841,3.285980053
12,1119-a_n.wav,0.00149658325048,0.164649524359,0.00502707537285,0.00842719028681,0.00292460732314,0.000297134225621,1.282072719
13,1119-i_n.wav,0.00112549795411,0.133118407285,0.00646812694073,0.00852340281071,0.00778247780115,5.44701720841e-05,3.522279142
14,1119-phrase.wav,0.00398170728489,0.266488387075,0.0150652842256,0.0183710822562,0.0306264712428,0.0015611516826,6.601583117
15,1119-u_n.wav,0.000362668910134,0.107683319197,0.00336632885277,0.00609704847036,0.000722781778203,0.000702090803059,3.092034649
16,1161-a_n.wav,0.00193652971319,0.21307666065,0.00700289363289,0.0113600334034,0.00643266650096,0.000152851223709,3.037875678
17,1161-i_n.wav,0.00125403869981,0.239961100841,0.0130487957935,0.0151028599618,0.0140588075526,8.92486042065e-05,4.168774658
18,1161-phrase.wav,0.00181564011472,0.167131554168,0.0070848774761,0.0104778281836,0.0129203417017,0.0010454308413,6.434232154
19,1161-u_n.wav,0.000505747151052,0.18083026392,0.0044142885086,0.00968037391969,0.000710801376673,0.000210060630975,2.948252337
20,1163-a_n.wav,0.0021706576673,0.241671387725,0.00641694793499,0.0113054178203,0.00275895277247,0.000655987858509,2.163353268
21,1163-i_n.wav,0.00114692130019,0.246207651759,0.00725916680688,0.0123756447801,0.00312047221797,0.000750984263862,2.143297332
22,1163-phrase.wav,0.00379884254302,0.307853259522,0.0126370960994,0.0184756894073,0.0311570403059,0.00145659592734,6.65058173
23,1163-u_n.wav,0.00100078256214,0.228351026004,0.00518886971319,0.0106161731358,0.000686399923518,0.000843187858509,0.761741261
24,1188-a_n.wav,0.000957170611855,0.101310743384,0.00247963912046,0.00466223108987,0.000516791089866,0.00018395,2.684707208
25,1188-i_n.wav,0.00041546248566,0.126760590153,0.00398479315488,0.00700163608031,0.00339968313576,3.1022791587e-05,2.861478374
26,1188-phrase.wav,0.00326402055449,0.220628938853,0.00967719975143,0.013338874283,0.0214436348757,0.00150427304015,5.600391942
27,1188-u_n.wav,0.000606743556405,0.113985600229,0.00209096271511,0.00467030938815,0.000132123365201,0.000305088623327,4.486565852
28,1192-a_n.wav,0.000697028221797,0.100986334015,0.00235975120459,0.004599651587,0.000559346137667,0.000474624608031,2.087402902
29,1192-i_n.wav,0.000481263173996,0.137440040287,0.00405231814532,0.00727308986616,0.00291793376673,0.000790292007648,2.511761772
30,1192-phrase.wav,0.00172076472275,0.188643667954,0.00776083942639,0.011392198413,0.0120104022371,0.00181541047801,6.399963027
31,1192-u_n.wav,0.00033359418738,0.0983816677629,0.00283519957935,0.00565039973231,0.00053753623327,0.000518791912046,4.861867745
32,1221-a_n.wav,0.00120277539197,0.164911634015,0.00489485204589,0.00797083089866,0.00340881334608,9.61794072658e-05,4.969368676
33,1221-i_n.wav,0.00215152998088,0.164504547553,0.00874216024857,0.00935822550669,0.0179527742447,7.37418355641e-05,7.848175534
34,1221-phrase.wav,0.00238642292543,0.189768770688,0.00850071942639,0.0119143798853,0.0161214570937,0.00151666313576,8.255992959
35,1228-a_n.wav,0.000692437590822,0.0818806533652,0.00224048669216,0.00360533151052,0.00143091655832,0.000344467762906,3.478919537
36,1228-i_n.wav,0.000785017629063,0.082258594914,0.00338924590822,0.00439820403442,0.00494845135755,0.000188000286807,2.396872899
37,1228-phrase.wav,0.00359072879541,0.227500302122,0.0101237371702,0.0135564036138,0.0229836905736,0.00101301782027,4.936847569
38,1229-phrase.wav,0.00212015963671,0.17339953738,0.00691146162524,0.0109013779924,0.01366031587,0.000927397304015,5.525707429
39,1233-a_n.wav,0.00180569330784,0.202526561224,0.00519466676864,0.00937449275335,0.00326993988528,0.000206602753346,1.087462612
40,1233-i_n.wav,0.000701618967495,0.183886677189,0.00528792214149,0.00867451699809,0.00834035164436,0.000205482734226,1.073335272
41,1233-phrase.wav,0.00174677891013,0.173597702103,0.00668874282983,0.0103673910516,0.0102510211472,0.00172051525813,4.435746798
42,1233-u_n.wav,0.00045142332696,0.145957593327,0.00352835021033,0.00687872026769,0.000551971720841,0.000207052370937,2.696376105
43,1235-a_n.wav,0.00116528428298,0.189184272103,0.00412251214149,0.00814991047801,0.00125802866157,0.000611410191205,2.296304309
44,1235-i_n.wav,0.000739110057361,0.229349353786,0.00712902787763,0.0131499203442,0.00473846260038,0.000270339560229,1.907403554
45,1235-phrase.wav,0.00194035539197,0.176259441816,0.00596183833652,0.0096300291587,0.0117431488703,0.00087305793499,6.601034474
46,1235-u_n.wav,0.000762828910134,0.215844923136,0.00458680099426,0.0104436725813,0.00066227585086,0.000349273288719,2.063335933
47,1237-a_n.wav,0.000447597705545,0.0835885675526,0.00169963290631,0.00329158984704,0.000378847456979,0.000102414053537,2.644807258
48,1237-i_n.wav,0.000599857456979,0.0857681119503,0.00309733441683,0.00427226428298,0.00864569992352,6.79617208413e-05,1.409829934
49,1237-phrase.wav,0.00181334470363,0.215105145641,0.00675964982792,0.011192304283,0.0110628296558,0.00104161376673,5.690644248
50,1246-a_n.wav,0.00124791770554,0.176302902428,0.00472152705545,0.00874267531549,0.00251565453155,0.000152165525813,1.645575477
51,1246-i_n.wav,0.000594501567878,0.234683742925,0.00683263602294,0.0125057765774,0.00546556003824,0.000237600133843,1.653722624
52,1246-phrase.wav,0.0016756223327,0.16911223086,0.00628240837476,0.0104107916252,0.00943049042065,0.000845001873805,5.492238323
53,1246-u_n.wav,0.000609804053537,0.177354092772,0.0040364210325,0.00893991210325,0.000820316768642,0.00019752210325,2.856058653
54,1248-a_n.wav,0.000724572734226,0.0881565553537,0.00263370151052,0.00450864323136,0.00150804764818,0.000101613652008,4.375437679
55,1248-i_n.wav,0.000980889445507,0.119713710727,0.00531072833652,0.00716339210325,0.00359005604207,0.000102628948375,4.505938939
56,1248-phrase.wav,0.00218978592734,0.239202244149,0.00920796439771,0.0145869747419,0.0120099807266,0.00129960950287,7.395319386
57,1248-u_n.wav,0.00039250875717,0.120402186061,0.00282985510516,0.00610266986616,0.000406403996176,0.000314254474187,4.976500386
58,1257-a_n.wav,0.0010971882218,0.201156557839,0.00482660703633,0.00928749862333,0.0021534848566,0.000174575564054,2.614445416
59,1257-i_n.wav,0.000953344856597,0.241004987055,0.00811854328872,0.0126322653537,0.00707812057361,0.00026243793499,3.991475347
60,1257-phrase.wav,0.00287074659656,0.282932310229,0.010711630153,0.0158940420268,0.0204290023518,0.00225054061185,5.80086765
61,1257-u_n.wav,0.000609038929254,0.152010368757,0.00383744674952,0.00791453022945,0.000837115774379,0.000135685334608,4.555203692
62,1259-a_n.wav,0.00128617391969,0.167399580249,0.00470311407266,0.00842397210325,0.00140445562141,8.61648374761e-05,1.925767239
63,1259-i_n.wav,0.0011691099044,0.236253214646,0.00989074468451,0.0144134854876,0.00663324110899,9.79964053537e-05,3.673077978
64,1259-phrase.wav,0.00361980340344,0.337039892275,0.0139347813384,0.020764439675,0.0231449332745,0.00233045086042,7.315366928
65,1259-u_n.wav,0.000496565659656,0.155949948298,0.00401404095602,0.00838528063098,0.00074343543021,5.43476864245e-05,2.672101639
66,1260-a_n.wav,0.000858469445507,0.114235057533,0.00304662300191,0.00558134214149,0.00112250395793,0.000172586386233,0.824188881
67,1260-i_n.wav,0.000390978508604,0.114234262275,0.00407272204589,0.00659291152964,0.00249313967495,0.00041205248566,3.579817267
68,1260-phrase.wav,0.00288604910134,0.218148312084,0.010024517782,0.0145183313958,0.0153324304971,0.00140123344168,5.658198936
69,1260-u_n.wav,0.00061056917782,0.120589088795,0.00310478367113,0.00638199017208,0.000540877036329,0.000541104531549,2.95284803
70,1264-a_n.wav,0.00151494608031,0.207337212581,0.00500342447419,0.00946799217973,0.00525451466539,0.000238366806883,6.837048684
71,1264-i_n.wav,0.00092350500956,0.242226294379,0.00723233116635,0.0129408327151,0.00758350413002,0.00082892667304,6.734038045
72,1264-phrase.wav,0.00161900311663,0.21993554325,0.00782339908222,0.0135598225048,0.00989595942639,0.00140786217973,7.190095473
73,1264-u_n.wav,0.000556245353728,0.17006923891,0.00412388845124,0.00906646573614,0.00079558665392,0.000234167055449,2.168904778
74,1265-a_n.wav,0.00153330948375,0.13937891239,0.00337975594646,0.00586087803059,0.00112183996176,0.000126207189293,0.436674398
75,1265-i_n.wav,0.0015746257935,0.196419506157,0.0069326718738,0.0102118089866,0.0220490431166,8.11971701721e-05,1.537870652
76,1265-phrase.wav,0.00310563982792,0.255402656998,0.00983785286807,0.014292159847,0.0249170237859,0.00166025749522,3.063035777
77,1265-u_n.wav,0.000680195487572,0.113638152505,0.00290320803059,0.00554979627151,0.00155735097514,6.73364818356e-05,0.461519795
78,1269-a_n.wav,0.00157615613767,0.176739404512,0.00440618512428,0.00764032005736,0.0025780298088,0.000343359120459,0.844579968
79,1269-i_n.wav,0.00159375390057,0.208815939943,0.00586226927342,0.00995769451243,0.00759388086042,0.000206710248566,1.370192962
80,1269-phrase.wav,0.00221044428298,0.223144408872,0.00773347057361,0.0122675065966,0.0131429867304,0.00142894751434,5.405222055
81,1269-u_n.wav,0.00103138753346,0.227385782122,0.00500516330784,0.0110847924665,0.000815715124283,0.000385512944551,2.2047281
82,1274-i_n.wav,0.000765124302103,0.118534311166,0.00397483130019,0.00668116573614,0.00266918801147,0.000229376998088,3.753720743
83,1274-phrase.wav,0.00276821996176,0.190968115698,0.00771607502868,0.0115378870937,0.0159332174379,0.000996627151052,6.821279474
84,1283-a_n.wav,0.00113927005736,0.195318959579,0.00468398510516,0.00930154219885,0.00092253751434,0.000189268661568,-0.391674248
85,1283-i_n.wav,0.000620515793499,0.144520954551,0.00369630556405,0.00694511718929,0.00195961217973,0.000161343996176,-0.416455145
86,1283-phrase.wav,0.0021890207457,0.23398307369,0.00853281703633,0.0144559222562,0.0116196832094,0.00187291049713,4.889232748
87,1283-u_n.wav,0.000364964282983,0.099497925717,0.00242628678776,0.00529580829828,0.000453710210325,8.93811089866e-05,0.58674272
88,1295-a_n.wav,0.000645764894837,0.0824294683939,0.00171218986616,0.00315927894837,0.000644656978967,0.000105706864245,0.900807776
89,1295-i_n.wav,0.000357313040153,0.107792329216,0.0032725709369,0.00580771045889,0.00263263701721,0.000112739483748,2.328662297
90,1295-phrase.wav,0.00144991063098,0.162424069063,0.0055001875717,0.00913051481836,0.0071637910325,0.00174651403442,6.362019434
91,1295-u_n.wav,0.00049503541109,0.0886627267878,0.00275258996176,0.00527797061185,0.000619374875717,6.66605353728e-05,2.769372684
92,1300-a_n.wav,0.00229843397706,0.215307207075,0.00564921082218,0.0102735609178,0.0019411116826,0.000231845602294,1.339075237
93,1300-i_n.wav,0.00117599602294,0.228256932849,0.00831716879541,0.012240081434,0.00830016309751,0.000157031319312,3.169385265
94,1300-phrase.wav,0.00227318451243,0.171538101415,0.00616991885277,0.00910198355641,0.0129408882792,0.00122201860421,6.878121318
95,1300-u_n.wav,0.00124485720841,0.228160172677,0.00573448390057,0.0117886146463,0.00109755894837,0.000169739216061,3.950022772
96,1301-i_n.wav,0.000440711586998,0.20115456021,0.00586601288719,0.0104033313576,0.00779184537285,0.000282893881453,2.017900061
97,1301-phrase.wav,0.00213393175908,0.259543843843,0.00843073982792,0.01441816826,0.0133137717017,0.0017597385086,4.790900055
98,1301-u_n.wav,0.000325942944551,0.09378399413,0.00186843355641,0.00427565282983,0.0002366583174,0.000175066328872,1.365288843
99,1307-a_n.wav,0.000768184799235,0.101420059904,0.00298908848948,0.00533648170172,0.00102625395793,5.83540917782e-05,3.528656503
100,1307-i_n.wav,0.00048738416826,0.11425144392,0.00415570456979,0.00692296120459,0.00208925300191,2.9172543021e-05,3.6673082
101,1307-phrase.wav,0.00192275753346,0.204907749178,0.00753540441683,0.0115937490631,0.013340972543,0.00131775546845,5.831811659
102,1311-a_n.wav,0.00118517760994,0.13220742652,0.00320750288719,0.00582701254302,0.000828420688337,0.000255371434034,1.123272315
103,1311-i_n.wav,0.00142389629063,0.19686875327,0.00561366070746,0.00848620869981,0.00740710344168,0.000156400592734,1.957606776
104,1311-phrase.wav,0.00184241950287,0.196330249981,0.00774686422562,0.0119012860229,0.0144923145698,0.00207875005736,4.884953455
105,1311-u_n.wav,0.000475142179732,0.107708283059,0.002523058413,0.00534976912046,0.000390269464627,0.000603865143403,1.508742906
106,1315-a_n.wav,0.00106505300191,0.155705873442,0.00398381613767,0.00758029644359,0.0013375742065,0.000405675736138,4.147348192
107,1315-i_n.wav,0.000964056596558,0.202007148853,0.00560741661568,0.0108846489484,0.00146903871893,0.000297427782027,2.506939194
108,1315-phrase.wav,0.00176208135755,0.20615050891,0.00669257852772,0.0114700882792,0.0103065121415,0.000964288393881,6.683299497
109,1315-u_n.wav,0.000952579732314,0.159627307017,0.0036183418738,0.00787110338432,0.000636734091778,0.000491389139579,3.472077568
110,1388-a_n.wav,0.000994661644359,0.118156817859,0.00273158212237,0.00492973623327,0.000952291644359,0.000186390650096,0.202342943
111,1388-i_n.wav,0.00130377198853,0.1392401987,0.00442161755258,0.00625603340344,0.0113903304398,0.000109209273423,2.942034599
112,1388-phrase.wav,0.00158533762906,0.169799997285,0.00641969367113,0.0106430275526,0.0092697932696,0.00134220026769,5.375543248
113,1388-u_n.wav,0.00040016,0.107088414914,0.00225085244742,0.00506213715105,0.000351291510516,0.00020216707457,2.041460818
114,139-a_n.wav,0.000301458967495,0.193211635143,0.00534405124283,0.0109412208031,0.00119864688337,0.000266807246654,2.202012188
115,139-i_n.wav,0.000373380650096,0.238441787151,0.00713871554493,0.0143785545889,0.00152555286807,0.000229542409178,2.383914808
116,139-phrase.wav,0.000433060363289,0.170351333098,0.00582642470363,0.0113512707839,0.00117922804971,0.00148852803059,5.677371205
117,139-u_n.wav,0.000346601300191,0.175270954818,0.00602038808795,0.0113977307266,0.00154138954111,7.71219502868e-05,3.469574973
118,1404-a_n.wav,0.00103903891013,0.11837059044,0.00297111124283,0.00506643824092,0.00204694881453,0.000182900707457,3.979591484
119,1404-i_n.wav,0.000810266615679,0.221916074168,0.0104529452199,0.0113368014149,0.0143408854111,0.00015478709369,4.335138528
120,1404-phrase.wav,0.0031431309369,0.241587487514,0.0105455297323,0.0143777409369,0.0230909308031,0.00218222550669,5.228065507
121,1404-u_n.wav,0.000418522982792,0.082422348566,0.00245007068834,0.00468143063098,0.000546538699809,8.64453919694e-05,2.321578636
122,1405-a_n.wav,0.00107499961759,0.151745394665,0.00327744523901,0.00619587852772,0.000707534627151,0.00026319749522,2.13125562
123,1405-i_n.wav,0.00111249076482,0.158618542505,0.00438674665392,0.00725595875717,0.00256948885277,0.000238457304015,4.054652328
124,1405-phrase.wav,0.00132213487572,0.21785855153,0.0071266698088,0.0124912464627,0.00661578803059,0.00139944068834,6.601040631
125,1405-u_n.wav,0.00068478623327,0.145912399426,0.00356289883365,0.00732095051625,0.000689521873805,0.000185898699809,4.484881974
126,141-a_n.wav,0.000251725889101,0.194550342314,0.00519723049713,0.0108296472849,0.00100504229446,0.00032202292543,-0.127643085
127,141-i_n.wav,0.000323647571702,0.244787294264,0.00720923334608,0.0145820363862,0.0015788617782,0.000122253632887,3.091935651
128,141-phrase.wav,0.000947989082218,0.290306909216,0.00971631856597,0.0185567977438,0.00425404565966,0.00309620996176,6.015997401
129,141-u_n.wav,0.000245604894837,0.189052252772,0.00539624066922,0.0110039882409,0.00109027996176,0.000278938718929,3.805346035
130,1414-a_n.wav,0.00181410969407,0.226912013461,0.00535266646272,0.00995742338432,0.00149683558317,0.000266821070746,1.752429129
131,1414-i_n.wav,0.00066183250478,0.208764689331,0.00772665963671,0.0120153807075,0.00686045558317,0.000142236864245,7.23226887
132,1414-phrase.wav,0.00218443001912,0.231894954608,0.00882012382409,0.0134939583174,0.0135272783748,0.00178981143403,-1.123015594
133,1414-u_n.wav,0.000753647418738,0.171124979082,0.0036494065392,0.0079660907457,0.000403506577438,0.000341837629063,-1.265972284
134,1418-i_n.wav,0.000299928718929,0.08231427826,0.00257920294455,0.00414534554493,0.00144788782027,0.000468666539197,2.862912638
135,1418-phrase.wav,0.00432524808795,0.31146279239,0.0144329065201,0.0198905235946,0.0291920502486,0.00201565435946,-0.916218762
136,1426-a_n.wav,0.000688611854685,0.0899897926577,0.00238733445507,0.00426502711281,0.00172366535373,0.000126051357553,3.415808105
137,1426-i_n.wav,0.000591441070746,0.120725382715,0.00355415116635,0.0062149749522,0.0022911133652,0.000136942887189,5.830873199
138,1426-phrase.wav,0.00324412734226,0.217729585449,0.00947986764818,0.0136756437667,0.0234301950096,0.00128446764818,6.714727023
139,1436-a_n.wav,0.00162971478011,0.225814535449,0.00628422131931,0.0114082789101,0.00343904581262,0.00023243581262,3.041459644
140,1436-i_n.wav,0.0012050707457,0.242414864054,0.0086610991587,0.0141573933652,0.00869610309751,0.000239356787763,4.01510945
141,1436-phrase.wav,0.00239713464627,0.240859936654,0.0099744898088,0.0156373003059,0.0168104280306,0.0018251174761,7.145532116
142,1436-u_n.wav,0.00087453707457,0.241031681568,0.00685920910134,0.0143105888337,0.00193091759082,0.00105238305927,4.730130937
143,1440-a_n.wav,0.00152642294455,0.246432510057,0.00520289443595,0.0100242267878,0.0009515783174,0.000298058795411,0.6548814
144,1440-i_n.wav,0.00110560460803,0.203083385774,0.00585103342256,0.0102124113384,0.00770826040153,0.00012564414914,1.885343842
145,1440-phrase.wav,0.00180492837476,0.195952073117,0.00714305684512,0.0118862409369,0.011430174914,0.00139313351816,5.342458872
146,1440-u_n.wav,0.00102297116635,0.234383958662,0.00393301453155,0.00941873263862,0.000259515908222,0.000518851147228,3.624878081
147,1447-a_n.wav,0.00154096034417,0.210004186922,0.00483478648184,0.00903585042065,0.00272041860421,0.000466657877629,0.817921422
148,1447-i_n.wav,0.00130989277247,0.239133774226,0.00812510650096,0.0129737712046,0.0107951361185,0.000180925372849,1.918226309
149,1447-phrase.wav,0.00214540869981,0.187241177017,0.00710976833652,0.0110989481262,0.0137456076099,0.00124615969407,6.876336481
150,1447-u_n.wav,0.000583789827916,0.134302095946,0.00290533858509,0.00641026789675,0.000585118795411,0.000173417208413,2.821334503
151,1456-a_n.wav,0.00107117399618,0.235089857667,0.00590723292543,0.011312220325,0.00208106432122,0.000121110382409,1.880469994
152,1456-i_n.wav,0.000917384015296,0.241849208795,0.00727775929254,0.0139680580115,0.0029796683174,0.000101973001912,2.839363551
153,1456-phrase.wav,0.0013680423327,0.157201394321,0.0061799342065,0.0102628809178,0.0099259718738,0.000946099426386,6.791517125
154,1456-u_n.wav,0.000824803977055,0.243693756558,0.0057170790631,0.0124587677247,0.000998761625239,0.000229096328872,4.123665371
155,1463-a_n.wav,0.000431530095602,0.111838788604,0.00270618724665,0.00551342533461,0.000798042370937,0.000280197227533,5.223913634
156,1463-i_n.wav,0.00062587166348,0.222773947801,0.00626400483748,0.0119104813576,0.002421968413,0.000543059713193,8.580165677
157,1463-phrase.wav,0.00222804212237,0.321349976597,0.00905208772467,0.0165193721989,0.0120480396558,0.0015884743021,5.425024152
158,1463-u_n.wav,0.00035654791587,0.111438730478,0.00232017554493,0.00529154734226,0.000300755143403,0.000331711070746,5.61617673
159,1472-a_n.wav,0.00285697447419,0.115787610249,0.00615448070746,0.0073813698088,0.0146464320076,0.000108925143403,7.175238786
160,1472-i_n.wav,0.00224181449331,0.0856899250096,0.00458666724665,0.00465295179732,0.0228109200382,6.68481453155e-05,9.181988362
161,1472-phrase.wav,0.00367106678776,0.215799744952,0.00996750608031,0.0127480122945,0.0297541534034,0.000831578967495,8.434729297
162,1472-u_n.wav,0.000536352122371,0.123024487706,0.00284425376673,0.0060264593499,0.000626093231358,0.000512748661568,7.591761176
163,1554-a_n.wav,0.00123261521989,0.199883169446,0.0043530033652,0.00877899891013,0.001965548413,0.000240991434034,0.112313012
164,1554-i_n.wav,0.000921209636711,0.24322784392,0.00688706552581,0.0128857913767,0.00473743858509,0.000345469560229,1.826011506
165,1554-phrase.wav,0.00235428768642,0.269506836826,0.00945181110899,0.0158060098279,0.01397810161,0.00163371435946,6.05744047
166,1554-u_n.wav,0.00065418126195,0.23339843738,0.00518881231358,0.0116990980306,0.000860358891013,0.000352091873805,2.562413568
167,1567-a_n.wav,0.00151265070746,0.214635405679,0.00474618529637,0.00907967644359,0.0018188050478,0.000514924608031,1.833300659
168,1567-i_n.wav,0.00142236604207,0.21070647956,0.00691764164436,0.00963068068834,0.0388625740153,0.00028055665392,-0.659775437
169,1567-phrase.wav,0.00208725927342,0.200892263327,0.00709767258126,0.0113196189675,0.0182376309434,0.00143187730402,6.247959344
170,1567-u_n.wav,0.000651120764818,0.206232631396,0.0050960908413,0.0107292476673,0.00161674833652,0.000241521606119,0.315256164
171,1578-a_n.wav,0.00202145835564,0.246997616157,0.00730716548757,0.0124386379159,0.00249899152964,0.000285462045889,2.627234847
172,1578-i_n.wav,0.000423113728489,0.176705987706,0.00629124969407,0.010818623499,0.00234686250478,0.000179011338432,2.857215017
173,1578-phrase.wav,0.00352875361377,0.296148915966,0.0129894855067,0.0189131468069,0.0229668023484,0.00212080615679,6.242713863
174,1578-u_n.wav,0.00077201040153,0.189481677361,0.00523740590822,0.010768848891,0.00100905778203,0.000456788107075,3.518567152
175,1591-a_n.wav,0.00166720594646,0.168054869751,0.0044892182218,0.00759198852772,0.00244388290631,0.000523607284895,-1.917930588
176,1591-i_n.wav,0.0004361208413,0.119539146291,0.00303794715105,0.00583446711281,0.0017568191587,0.00032240292543,1.277995123
177,1591-phrase.wav,0.00517224070746,0.473070174379,0.0218191762333,0.0310300582983,0.0363868944933,0.00293856237094,3.967158371
178,1591-u_n.wav,0.000528700879541,0.139056012065,0.00358000212237,0.00730036659656,0.000604817284895,0.000456045162524,0.590985208
179,1599-a_n.wav,0.001519536826,0.244065442945,0.00560715839388,0.0110109056979,0.00129421321224,0.000466734359465,1.478498779
180,1599-i_n.wav,0.0010925974761,0.231419998757,0.00772989602294,0.0127648919312,0.00819109594646,0.000357335717017,3.078030681
181,1599-phrase.wav,0.00138717045889,0.187525958011,0.00649782405354,0.0114531543595,0.00657304690249,0.00100382657744,6.186674642
182,1599-u_n.wav,0.000785782638623,0.252947786692,0.00558600615679,0.0125273990057,0.000945521338432,0.000278621969407,2.808784852
183,1610-a_n.wav,0.000798789751434,0.132696894283,0.00344476776291,0.00598529659656,0.0018402526195,0.000140065372849,1.808979231
184,1610-i_n.wav,0.000470551434034,0.133006868069,0.00506669281071,0.00798391749522,0.00516635040153,9.07608221797e-05,3.824973887
185,1610-phrase.wav,0.00292660068834,0.303381986195,0.011003643021,0.0176058594455,0.0196761351625,0.00228740512428,5.769676597
186,1610-u_n.wav,0.000567722217973,0.101291652103,0.00201409724665,0.00457577139579,0.000249926500956,0.000181306500956,3.974871316
187,1613-a_n.wav,0.000628167036329,0.167590741663,0.00433016095602,0.00819106959847,0.00200983793499,0.000160009043977,3.410809512
188,1613-i_n.wav,0.000714626080306,0.172976855621,0.0058444781262,0.00936564625239,0.00362977269598,0.000232644110899,5.960030281
189,1613-phrase.wav,0.0031928640153,0.237313985182,0.0108751898853,0.0160331076864,0.020448684283,0.00131650432122,8.273616478
190,1613-u_n.wav,0.000750586921606,0.234304238413,0.00446369632887,0.0104963045507,0.000612283307839,0.000351230267686,7.694908815
191,1614-a_n.wav,0.0012769924283,0.168439229541,0.0044750882218,0.00767961003824,0.00261103151052,0.000164868011472,0.758300934
192,1614-i_n.wav,0.000684021108987,0.150454935755,0.00477841546845,0.00827199080306,0.00265356413002,0.000249507743786,1.393926563
193,1614-phrase.wav,0.0022096791587,0.248259802543,0.00837265229446,0.014119538566,0.0124320078967,0.00144210072658,5.075545472
194,1614-u_n.wav,0.000530231128107,0.150571229025,0.00376610730402,0.00804295567878,0.000665932428298,0.000247079617591,2.55543848
195,1617-a_n.wav,0.0021836649522,0.233149280057,0.00714955996176,0.0115812972275,0.00423174034417,0.000146553212237,1.589163108
196,1617-i_n.wav,0.00529236564054,0.161536831434,0.0093442192543,0.00924321688337,0.0273954036329,5.31697705545e-05,4.797386524
197,1617-phrase.wav,0.00340939424474,0.215963199713,0.00939894258126,0.0124264625621,0.0299993955641,0.000665202619503,6.474372889
198,1617-u_n.wav,0.000649590516252,0.187762272371,0.00475917059273,0.00963532759082,0.000811822294455,0.000512929330784,1.853859914
199,1629-a_n.wav,0.000889839541109,0.243182855736,0.00589581493308,0.01193893587,0.00143396860421,0.000264546347992,3.307887695
200,1629-i_n.wav,0.000971707839388,0.197781113346,0.00558791223709,0.0104247137476,0.00279654512428,0.000230953135755,2.563523964
201,1629-phrase.wav,0.00222727699809,0.259268319579,0.0104007794073,0.0159291364627,0.0171262995029,0.00145223548757,7.012337369
202,1629-u_n.wav,0.000780426768642,0.250277032772,0.00470130774379,0.0113035403442,0.000511219674952,0.000602358393881,3.492070634
203,1665-a_n.wav,0.00111325583174,0.210531312065,0.00458792715105,0.00983110091778,0.0010345259847,0.000257242256214,3.4880897
204,1665-i_n.wav,0.00112779319312,0.209452705143,0.00681955562141,0.0120565159465,0.00410789877629,0.00021004957935,2.598102238
205,1665-phrase.wav,0.0015371348566,0.200289553193,0.00635044629063,0.0109677428107,0.0108498603633,0.00105950541109,6.736410163
206,1665-u_n.wav,0.000596031816444,0.207903296692,0.00409590703633,0.00989595904398,0.000456367552581,0.000427429502868,4.343961105
207,1780-a_n.wav,0.000541707992352,0.0867815690631,0.00206478753346,0.00391317586998,0.000920499961759,0.000126553537285,0.610281556
208,1780-i_n.wav,0.00074905667304,0.131290911262,0.00433216938815,0.00681454189293,0.00522052701721,0.000208516577438,2.381102181
209,1780-phrase.wav,0.00270165418738,0.241736033193,0.0109913090249,0.0163963351243,0.0187422262715,0.00154877711281,6.532488883
210,1780-u_n.wav,0.000442241835564,0.11981946392,0.00285633244742,0.00595381785851,0.000539425697897,0.000186391376673,1.71443856
211,1783-a_n.wav,0.00198396741874,0.221003403365,0.00671454231358,0.0114071899235,0.00679782565966,0.000370983709369,7.473422058
212,1783-i_n.wav,0.0044599101912,0.274761834111,0.0129603260421,0.0169953155067,0.0186958485468,0.00092944082218,8.224872866
213,1783-phrase.wav,0.00213622717017,0.224954658126,0.00850927334608,0.0136764884895,0.0128601317591,0.00118858571702,8.835172059
214,1783-u_n.wav,0.00077201040153,0.190610132772,0.00536991221797,0.0105427435373,0.00177928529637,0.000548613231358,8.823139958
215,1795-a_n.wav,0.000843166959847,0.183419678222,0.00336274160612,0.00710226585086,0.000567229655832,0.000137208699809,3.421757392
216,1795-i_n.wav,0.000752117170172,0.253079148815,0.0064951418738,0.0126828235564,0.00563953478011,0.000197399655832,1.860073456
217,1795-phrase.wav,0.00219820231358,0.21299212088,0.00759712581262,0.0127102383174,0.01471703174,0.0011633501912,5.783012918
218,1795-u_n.wav,0.000620515793499,0.242247996807,0.00597580692161,0.0129699314532,0.00140416785851,0.000212180325048,2.266647038
219,1796-a_n.wav,0.000814092351816,0.0874280848566,0.00242861801147,0.00396009434034,0.0021265301912,0.000338073613767,3.091194512
220,1796-i_n.wav,0.000797259502868,0.164845775392,0.00608189403442,0.00835923260038,0.00705637499044,0.000176461625239,3.684385175
221,1796-phrase.wav,0.00433442963671,0.318385800057,0.0152539792161,0.0211778887763,0.0321320069981,0.00167362864245,7.758421299
222,1796-u_n.wav,0.000293042600382,0.107773276998,0.00275364418738,0.00553775910134,0.000534735047801,0.000318648240918,2.195434413
223,1806-a_n.wav,0.000845462332696,0.120118612352,0.00314632676864,0.0057001040153,0.000911716003824,0.000153336978967,1.808945497
224,1806-i_n.wav,0.000581494455067,0.177256968107,0.00645342902486,0.0105789589293,0.00397852277247,9.63947418738e-05,3.215608008
225,1806-phrase.wav,0.00423266806883,0.254582511625,0.0123691709178,0.0166420105545,0.0244517732696,0.00213676265774,5.437962629
226,1806-u_n.wav,0.000458309445507,0.151981434455,0.00447283481836,0.00875590124283,0.000915684244742,0.000136791912046,3.512264074
227,1809-a_n.wav,0.000951049483748,0.152249046635,0.00334890481836,0.00659340564054,0.00109043963671,0.000287172868069,-0.310517429
228,1809-i_n.wav,0.000483558546845,0.155455379082,0.00449547376673,0.0081058685086,0.00500188424474,0.000188506500956,0.910583225
229,1809-phrase.wav,0.00149428782027,0.236551226386,0.00830329535373,0.0139924089675,0.0120309780688,0.00123663724665,4.860247402
230,1809-u_n.wav,0.000506512275335,0.18275877652,0.00446622269598,0.00945873256214,0.00093126957935,0.000240963001912,2.00925429
231,1930-a_n.wav,0.000762063785851,0.0944057696558,0.00214371489484,0.00360889627151,0.000898755258126,0.000157570248566,1.004555947
232,1930-i_n.wav,0.000477437552581,0.107211398967,0.00334111143403,0.00584634535373,0.00294647380497,8.1079292543e-05,1.409561178
233,1930-phrase.wav,0.00236882499044,0.265728427036,0.00897790986616,0.0146263567495,0.0158135696558,0.00193882701721,5.33894594
234,1930-u_n.wav,0.000518754263862,0.132619696061,0.0027755556979,0.00617171539197,0.000366303403442,0.000508298795411,2.150468048
235,1940-a_n.wav,0.000838576347992,0.0885389258317,0.00244518376673,0.00409112053537,0.00287356741874,4.54073996176e-05,1.774507799
236,1940-i_n.wav,0.000933451625239,0.209051547935,0.00783273478011,0.0121279511663,0.0152839017973,6.29903824092e-05,1.716754579
237,1940-phrase.wav,0.00337419848948,0.279381084054,0.0110532815296,0.0161645106119,0.0229750081262,0.00126830732314,5.546332698
238,1940-u_n.wav,0.000714626080306,0.170402103461,0.00467743022945,0.00907122950287,0.00127159298279,0.000124198393881,2.712672902
239,1953-a_n.wav,0.00112090707457,0.155331862256,0.00311412671128,0.0059480642065,0.00221703254302,0.000231887705545,-0.34416493
240,1953-i_n.wav,0.00131371839388,0.173978760363,0.00454121036329,0.00752844659656,0.0181847304207,0.000235076271511,0.15508798
241,1953-phrase.wav,0.00302147609943,0.300203027973,0.0129517396941,0.0193069913002,0.0209931180654,0.0022641774761,6.615571717
242,1953-u_n.wav,0.000716921453155,0.1964205074,0.00422587080306,0.00906810590822,0.000849538374761,0.0004881991587,1.335947006
243,1965-a_n.wav,0.000797259502868,0.16236058327,0.00381133592734,0.00680675246654,0.00152398227533,0.000279749235182,2.791542378
244,1965-i_n.wav,0.000984714952199,0.196067663805,0.00599022214149,0.0102645224665,0.00269079785851,0.000373249674952,2.813050346
245,1965-phrase.wav,0.00336501701721,0.205269311874,0.00860973108987,0.0119126639006,0.0186900739388,0.00133343692161,6.881548111
246,1965-u_n.wav,0.000573843212237,0.15107383956,0.00367949166348,0.00768555214149,0.000685647762906,0.000345710076482,3.764000784
247,1973-a_n.wav,0.00220049768642,0.231329840765,0.00740650543021,0.011735497782,0.00755544868069,0.000254782581262,7.490283947
248,1973-i_n.wav,0.00322652973231,0.205140369981,0.0116558536329,0.0126591470746,0.0217365997514,0.00011128585086,8.992561308
249,1973-phrase.wav,0.00519136898662,0.315048258011,0.0149672982218,0.0199047477438,0.0357497744742,0.00127716307839,8.327369275
250,1973-u_n.wav,0.00131218814532,0.24143719262,0.00783360160612,0.0129944076099,0.00403636399618,0.000349927304015,8.025169916
251,1978-a_n.wav,0.00134738386233,0.245074712447,0.00625812818356,0.0118111755449,0.00255868797323,0.000166228374761,2.568027124
252,1978-i_n.wav,0.00093115625239,0.169227370554,0.00561522630975,0.00978518803059,0.0037054000956,0.000105758929254,1.959589976
253,1978-phrase.wav,0.0024147325239,0.18582895631,0.00717550497132,0.0109959660612,0.012728417935,0.00148851827916,6.581454576
254,1978-u_n.wav,0.000452188451243,0.207948379637,0.00525678891013,0.0110441428872,0.00101828671128,0.000224820554493,2.659316261
255,1987-a_n.wav,0.00159375397706,0.213771148662,0.00654676623327,0.0110398960229,0.00358629028681,0.000278449330784,3.76142255
256,1987-i_n.wav,0.000562366347992,0.234639687247,0.00748935126195,0.012604601262,0.00237328801147,0.000440928413002,4.135315088
257,1987-phrase.wav,0.00461063948375,0.324339673308,0.0161153045507,0.0214843168834,0.0290631650096,0.00199111669216,6.308362151
258,1987-u_n.wav,0.000387918011472,0.164962088967,0.00495334363289,0.00954034705545,0.00109359891013,0.000230579349904,4.359539409
259,2003-i_n.wav,0.000613629694073,0.0884734717782,0.00289522380497,0.00507312648184,0.00172386053537,9.42210898662e-05,3.084121536
260,2003-phrase.wav,0.00187455462715,0.277882701434,0.0101218437859,0.0165560208222,0.0127562998931,0.00243036208413,5.876265541
261,2012-i_n.wav,0.000440711586998,0.13313308738,0.00433469072658,0.00710885789675,0.00443522237094,7.97945315488e-05,3.926745573
262,2012-phrase.wav,0.00222192118547,0.193183521243,0.00777879586998,0.0117604714532,0.0139772740918,0.00212668736138,8.445454542
263,2012-u_n.wav,0.00028462623327,0.094661736979,0.00194511349904,0.00444021101338,0.000228222179732,0.000398096749522,4.840787673
264,2021-a_n.wav,0.00189521307839,0.208441184608,0.00616538250478,0.00998961630975,0.00579000728489,0.00021198581262,2.786379758
265,2021-i_n.wav,0.000853878699809,0.145832682658,0.00642614049713,0.00889460181644,0.00609650231358,5.30408986616e-05,5.513729359
266,2021-phrase.wav,0.00349279277247,0.259861671033,0.0116900704971,0.0160134135182,0.0247773507648,0.00220123382409,5.740939233
267,2021-u_n.wav,0.000394804130019,0.126817688738,0.00313375546845,0.00630655483748,0.000320798910134,0.000286732294455,4.649806065
268,2028-a_n.wav,0.000706209713193,0.108793389369,0.00248794648184,0.00486307760994,0.00102862648184,0.0002909,4.846825901
269,2028-i_n.wav,0.000886779043977,0.171257120841,0.00537362313576,0.00845352613767,0.00928783080306,0.000375948164436,5.047689257
270,2028-phrase.wav,0.00146827359465,0.196907741166,0.00677467355641,0.0108958929446,0.00931694586998,0.000926656481836,6.829373942
271,2028-u_n.wav,0.00055930585086,0.155174262849,0.00281078147228,0.0065361907457,0.000540167705545,0.000369408508604,8.330557865
272,2075-phrase.wav,0.0025172591587,0.231041617189,0.00825705042065,0.013384620478,0.0155987958126,0.00188973956023,6.615300675
273,2079-a_n.wav,0.000592971338432,0.107246109541,0.00317926349904,0.00571053355641,0.00117279845124,7.55493499044e-05,2.868199455
274,2079-i_n.wav,0.000361903785851,0.146002401109,0.00451441508604,0.00821092741874,0.00146500118547,0.000207387954111,2.567557197
275,2079-phrase.wav,0.00241320225621,0.211781482562,0.00887244382409,0.0139095038432,0.0147482972467,0.00154427743786,6.163581323
276,2079-u_n.wav,0.000345071051625,0.139628588145,0.00319337705545,0.00696017816444,0.000464685965583,0.00023836,4.073098073
277,2097-a_n.wav,0.000846227456979,0.125475073728,0.00302640655832,0.00577403659656,0.000860894378585,0.000265053231358,2.31648677
278,2097-i_n.wav,0.000644999770554,0.133000151205,0.00426715978967,0.0072420941109,0.00348909382409,0.000546685678776,2.56117783
279,2097-phrase.wav,0.00477820179732,0.302694398623,0.0124224805927,0.0176522794455,0.032178405239,0.0027331010325,5.588201344
280,2097-u_n.wav,0.000736049560229,0.16465041153,0.0044179891587,0.00898921070746,0.000810704091778,0.000785420535373,1.524193476
281,2101-a_n.wav,0.0022892524283,0.180725075086,0.00552558808795,0.0094440325239,0.00585310124283,0.000308061644359,7.302238438
282,2101-i_n.wav,0.00591288131931,0.271345221511,0.0126741210325,0.013743580631,0.0431456640535,0.000136049674952,5.915612696
283,2101-phrase.wav,0.00542396688337,0.260790237667,0.0146855492161,0.0174500386807,0.0465646316826,0.00132089133843,8.815744304
284,2101-u_n.wav,0.00161211699809,0.174658957859,0.00557588799235,0.0106355138432,0.00241335359465,0.000323910191205,6.15112774
285,2110-a_n.wav,0.000838576214149,0.111927046119,0.00208401021033,0.00435905239006,0.000398904627151,0.000386484034417,1.234020964
286,2110-i_n.wav,0.000464430439771,0.14578171434,0.00438652648184,0.00809667357553,0.0018324333652,0.000292000630975,2.387174122
287,2110-phrase.wav,0.00331145827916,0.300801388394,0.0121958594455,0.0190848613193,0.0232198266539,0.00262849246654,6.671162142
288,2110-u_n.wav,0.000512633269598,0.125839640459,0.00350497973231,0.00707442086042,0.000796783919694,0.00024190374761,2.814459926
289,2120-a_n.wav,0.000734519311663,0.0912933455258,0.00199751478011,0.00417585281071,0.00038951833652,0.000180357820268,1.137919725
290,2120-i_n.wav,0.000252491013384,0.0969259418164,0.0028055614914,0.00527746487572,0.00100293848948,0.000285790305927,2.568012801
291,2120-phrase.wav,0.00439793491396,0.342164462314,0.0171342008795,0.0249402992161,0.0237546128872,0.00257518715105,6.506267109
292,2126-a_n.wav,0.000527935755258,0.143179285545,0.00372654743786,0.00761775227533,0.000924339713193,0.000335180152964,4.365900691
293,2126-i_n.wav,0.000381797017208,0.14395346501,0.00381971745698,0.0077666490631,0.000942635697897,0.00040356292543,3.1323537
294,2126-phrase.wav,0.00182788210325,0.222712328107,0.00855075808795,0.0147629809943,0.0072943607457,0.00146503403442,6.501248359
295,2128-i_n.wav,0.000260907380497,0.0887175125239,0.0027711333652,0.00464362751434,0.0018820993499,0.000324380152964,2.59220208
296,2128-phrase.wav,0.00679813022945,0.398060588987,0.0199511396558,0.0264901926577,0.0487166775166,0.00312369135755,7.268485274
297,2128-u_n.wav,0.000647295200765,0.104573625908,0.00313366692161,0.00597719692161,0.0011545332696,0.000643052409178,4.592888949
298,2156-i_n.wav,0.000469021185468,0.0821887818356,0.00233355845124,0.0041249565392,0.00173712030593,0.000101472868069,3.628125381
299,2156-phrase.wav,0.00353104900574,0.223437130172,0.00992082286807,0.0140607460229,0.0202328587773,0.00125482871893,6.380060588
300,2191-i_n.wav,0.000649590516252,0.126589538719,0.00441918558317,0.00661373791587,0.00497536539197,0.00066345625239,3.497221669
301,2191-phrase.wav,0.00330380705545,0.278219556769,0.0107576247228,0.015982607457,0.0220074323136,0.0018762500956,4.054737423
302,2219-a_n.wav,0.000960230975143,0.141854351663,0.00362321783939,0.00716634334608,0.000952983479924,0.00015720543021,-0.11125916
303,2219-i_n.wav,0.000431530095602,0.124941857763,0.00314784726577,0.00610729881453,0.00309314124283,0.000162392313576,0.224286085
304,2219-phrase.wav,0.00235581789675,0.295429986616,0.0111271798088,0.0189588741683,0.0124824291396,0.00232101390057,5.66221086
305,2219-u_n.wav,0.00045907456979,0.169233970937,0.00417202391969,0.00901337770554,0.000765651969407,0.000167537304015,2.909199074
306,2242-a_n.wav,0.00121195715105,0.120371033499,0.00284112198853,0.00533589801147,0.000720602887189,0.000205796022945,0.969055031
307,2242-i_n.wav,0.000338950057361,0.10758966348,0.00308085919694,0.00601985655832,0.000678733996176,0.00037607206501,3.073757312
308,2242-phrase.wav,0.00367718782027,0.273291622161,0.0131848703059,0.0190670561377,0.0205328983389,0.00368294026769,7.826958858
309,2242-u_n.wav,0.000280035487572,0.0950867513193,0.00253596248566,0.00514424042065,0.000470718795411,0.000514308814532,2.691667375
310,2276-a_n.wav,0.000498861032505,0.120351918547,0.00368482877629,0.00641367923518,0.00201880300191,0.000115167418738,4.048745228
311,2276-i_n.wav,0.000449127954111,0.16123011587,0.00445865848948,0.00872709128107,0.00127846284895,0.000393164282983,6.517208569
312,2276-phrase.wav,0.00413473212237,0.314825534857,0.015017631109,0.0209502817208,0.030573898088,0.00216120642447,7.606111051
313,2296-a_n.wav,0.00133896749522,0.188280114417,0.00441545428298,0.00819436231358,0.00189260623327,0.000196855372849,0.535640074
314,2296-i_n.wav,0.00067713499044,0.163878193499,0.0047590982218,0.0090085732696,0.00242327500956,0.000287226864245,1.168688846
315,2296-phrase.wav,0.00243998152964,0.310700295946,0.0111696581644,0.0182097441683,0.0141692080688,0.00242529627151,4.463303751
316,2296-u_n.wav,0.000661067380497,0.170204528623,0.0027175185086,0.00684772124283,0.000179381147228,0.000625207361377,2.049763629
317,2301-a_n.wav,0.000973238087954,0.112360914608,0.00234623017208,0.0046723389675,0.000371054913958,0.000132056500956,0.317347466
318,2301-i_n.wav,0.000457544321224,0.119113723078,0.00305750795411,0.00539770038241,0.00368780697897,0.000123103556405,2.114852566
319,2301-phrase.wav,0.00192964361377,0.219991855583,0.00740419904398,0.0127845087763,0.0119954551625,0.00146547372849,7.302567441
320,2301-u_n.wav,0.000254786386233,0.0798725259273,0.00153453948375,0.00361486933078,0.000169283250478,0.000117446787763,1.406874468
321,2305-a_n.wav,0.0009732383174,0.0857321439771,0.00241629267686,0.00386165619503,0.00367045462715,6.45225239006e-05,5.880310366
322,2305-i_n.wav,0.00133361193117,0.0980976055449,0.00403657902486,0.00477646688337,0.0191065645124,5.48808795411e-05,5.382605573
323,2305-phrase.wav,0.00497636902486,0.292021297973,0.013100133174,0.0178258180497,0.0345726201721,0.0013026306501,6.299729977
324,2305-u_n.wav,0.000334359311663,0.103285831816,0.0028284432696,0.00557081497132,0.00107391688337,0.000128818068834,4.686860562
325,2315-a_n.wav,0.00205818458891,0.246112444512,0.00771655221797,0.012649387935,0.00847518357553,0.000296995277247,2.70124047
326,2315-i_n.wav,0.00182711703633,0.232504100344,0.0103100395029,0.0133890433078,0.016947098413,0.000250414130019,5.258566715
327,2315-phrase.wav,0.00464583521989,0.305639049369,0.0140382402868,0.0206807778967,0.0327061809369,0.00162825860421,5.906322474
328,2315-u_n.wav,0.00128387854685,0.246783790516,0.00653697374761,0.0138387907648,0.00136309107075,0.000217520860421,3.213134051
329,2321-a_n.wav,0.000698558470363,0.153559502677,0.00359551583174,0.0077144110325,0.000975255296367,0.000180669445507,3.634990687
330,2321-i_n.wav,0.000620515793499,0.181340431778,0.00533970342256,0.0106317078776,0.00246340321224,0.000195958508604,3.375277039
331,2321-phrase.wav,0.00393197409178,0.359187897878,0.015103714283,0.0242118391396,0.0257295349904,0.00181023646272,6.366451059
332,2321-u_n.wav,0.00032058707457,0.142267434015,0.00384567325048,0.0083238407457,0.00079847124283,0.000201995602294,5.158535002
333,2328-a_n.wav,0.00107499961759,0.131132872122,0.00272363032505,0.00517453166348,0.000603857342256,0.000266919311663,0.497919341
334,2328-i_n.wav,0.000853878699809,0.161976472314,0.0050560409369,0.00883812426386,0.00528962208413,0.000162899273423,0.769202525
335,2328-phrase.wav,0.00330151162524,0.345660309904,0.0134470934799,0.0216800759656,0.0220264322025,0.00213957973231,5.950518965
336,2328-u_n.wav,0.00051569376673,0.162825815889,0.00351846944551,0.0082581051434,0.000444447552581,0.000210863116635,2.574038954
337,2351-a_n.wav,0.000755942791587,0.143773943595,0.00320973638623,0.00659461216061,0.00120103418738,0.00032146292543,6.398029049
338,2351-i_n.wav,0.000236423403442,0.0905970039388,0.00292952034417,0.00515561539197,0.00187624147228,0.000191681395793,6.446511417
339,2351-phrase.wav,0.00183782871893,0.18871423021,0.00781589724665,0.012226458738,0.0107937605545,0.000908725506692,7.378148734
340,2351-u_n.wav,0.000264733001912,0.160378387553,0.00418931422562,0.00901508921606,0.000838884550669,0.000492797456979,4.815446938
341,2370-a_n.wav,0.000579199082218,0.139298081358,0.00294236952199,0.00605116107075,0.000541948585086,0.000258156845124,2.19203866
342,2370-i_n.wav,0.000405515869981,0.139539675296,0.0033828033652,0.00632429235182,0.00219099839388,0.000297982122371,1.484726248
343,2370-phrase.wav,0.00360220554493,0.271779172314,0.0116991738815,0.0172297636329,0.0218714392892,0.00205849627151,5.428999038
344,2370-u_n.wav,0.000579199082218,0.126870419446,0.00348315294455,0.00709898175908,0.000646193652008,0.000214603078394,2.916561002
345,2404-a_n.wav,0.000794964130019,0.120342004493,0.00281295694073,0.00555543453155,0.00106946709369,0.000150494397706,-0.387941296
346,2404-i_n.wav,0.000291512351816,0.139378339751,0.0040128681262,0.00778179181644,0.00123652049713,0.000232089120459,0.553056462
347,2404-phrase.wav,0.00612558581262,0.392289811874,0.0206729964054,0.0285530316635,0.0289002043667,0.00326808403442,5.358474745
348,2404-u_n.wav,0.000462135066922,0.120335258642,0.00278629791587,0.00616421216061,0.000425263001912,0.000354319464627,1.857488824
349,2424-a_n.wav,0.00132060451243,0.18958104543,0.00470147671128,0.0095004617782,0.00108364743786,0.000249137284895,2.549831313
350,2424-i_n.wav,0.000482028298279,0.160067217113,0.00440428768642,0.0086323185086,0.00188068143403,0.000167980783939,1.524816001
351,2424-phrase.wav,0.00166950131931,0.233790852524,0.00815543024857,0.014303342696,0.00930190834086,0.00198974695985,5.962038837
352,2424-u_n.wav,0.000498095908222,0.175508529943,0.00458277022945,0.00958704214149,0.000973484741874,0.000188740650096,1.89239109
353,2435-a_n.wav,0.000419288107075,0.10795671914,0.00270987418738,0.00533532439771,0.00079305873805,7.60035564054e-05,-0.140618915
354,2435-i_n.wav,0.000530231128107,0.142765374111,0.00433706898662,0.00776835892925,0.00312257022945,0.000163544760994,0.534995682
355,2435-phrase.wav,0.00202145854685,0.219479572811,0.00916684801147,0.0146086140918,0.012355726979,0.00116776435946,5.388452886
356,2435-u_n.wav,0.000406280994264,0.123226758623,0.00291457531549,0.00643218845124,0.000540735315488,0.000131806711281,2.512378246
357,2443-i_n.wav,0.000475142179732,0.0888820913384,0.0024404733652,0.00479754363289,0.00063153414914,0.000223805334608,1.144812036
358,2443-phrase.wav,0.00191587135755,0.257310037878,0.00850326135755,0.014725956501,0.010061302696,0.0029353376673,4.664591794
359,2443-u_n.wav,0.000497330783939,0.101597714761,0.00236067300191,0.00507671521989,0.000279628413002,0.000386366998088,2.538280917
360,2487-a_n.wav,0.000912793269598,0.142324062658,0.00291562602294,0.00583280246654,0.000755670803059,0.000409551166348,0.925703662
361,2487-i_n.wav,0.00266110269598,0.198778820402,0.00672643032505,0.00958357625239,0.0424379362906,0.000235028967495,1.745292825
362,2487-phrase.wav,0.00261825558317,0.237523725602,0.00803823344168,0.012693245239,0.0149267966539,0.00149267273423,6.337153897
363,2487-u_n.wav,0.0003641991587,0.136552911071,0.00329300275335,0.00740077212237,0.000483586118547,0.000245813078394,4.167944298
364,2510-phrase.wav,0.00292507047801,0.232443104665,0.00892832384321,0.0129634225048,0.0183653501338,0.00192852701721,5.307180014
365,2511-a_n.wav,0.00118364726577,0.20252860262,0.00491741097514,0.00978305120459,0.00129145384321,0.000518691319312,0.8878704
366,2511-i_n.wav,0.000833985468451,0.227562323595,0.00623446464627,0.0113410955449,0.00788493502868,0.000308251089866,1.988699846
367,2511-phrase.wav,0.00207884290631,0.187152367438,0.00808054749522,0.0118226339006,0.0117036147419,0.000975913671128,7.629239434
368,2511-u_n.wav,0.000573843212237,0.197656651797,0.00464913913958,0.0103110791396,0.00123877826004,0.000362875162524,1.86341963
369,2514-i_n.wav,0.00026932374761,0.0886448627151,0.00259581544933,0.00453047875717,0.00178162112811,0.000527745181644,2.300479019
370,2514-phrase.wav,0.00273684988528,0.223484664818,0.00863459214149,0.0130736641874,0.0165130312038,0.00202577080306,5.012879323
371,2516-a_n.wav,0.000840871586998,0.145492605985,0.00401119470363,0.00717630126195,0.00228631183556,7.09215869981e-05,2.633689048
372,2516-i_n.wav,0.000517989139579,0.183788139771,0.00603174175908,0.0108227385277,0.00301673520076,0.000106898795411,3.014530103
373,2516-phrase.wav,0.00359837992352,0.278304783289,0.0109448796176,0.0166920659465,0.0181935948948,0.00223369175908,4.895147204
374,2516-u_n.wav,0.000562366347992,0.132754755755,0.00332280961759,0.00679574043977,0.000617929617591,0.000226502676864,3.732187277
375,2521-a_n.wav,0.00105587151052,0.156643786176,0.0050688866348,0.00875788816444,0.00254382200765,0.000283369674952,4.898074487
376,2521-i_n.wav,0.000768184799235,0.16269945413,0.00571579720841,0.00958995699809,0.0025617449522,0.000257032543021,3.567682404
377,2521-phrase.wav,0.00288987479924,0.208624592811,0.00945421751434,0.0140555910134,0.0180958169216,0.00100565108987,7.017222443
378,2521-u_n.wav,0.000624341414914,0.181561938853,0.0036541256979,0.00840494952199,0.000480179082218,0.000684459330784,3.42825596
379,2525-phrase.wav,0.00286921640535,0.229119269694,0.0088532775717,0.0135280136329,0.0223505793499,0.00114376921606,5.389588231
380,2541-a_n.wav,0.000475907304015,0.143974506291,0.00335691957935,0.00727778665392,0.000600853403442,0.000286020458891,4.657109565
381,2541-i_n.wav,0.000457544321224,0.175433414149,0.00474152395793,0.00942280311663,0.000848807686424,0.000810569770554,4.054984649
382,2541-phrase.wav,0.00285008824092,0.303100843021,0.0123783203824,0.0199230597514,0.0134952724857,0.0020199133652,6.332135854
383,2541-u_n.wav,0.000459839694073,0.196815039407,0.00627420061185,0.0119780905927,0.00137095051625,0.000261428814532,3.565061
384,2542-a_n.wav,0.000722277323136,0.110976554952,0.00240585998088,0.0046228848566,0.000771113804971,9.30678776291e-05,-1.591249915
385,2542-i_n.wav,0.000535586998088,0.0938564491396,0.00246007745698,0.00435794908222,0.00324854133843,7.84015487572e-05,-0.577649591
386,2542-phrase.wav,0.00441094202677,0.276613028776,0.0125994576482,0.0156601917208,0.0336724613384,0.00135568307839,4.6829255
387,2542-u_n.wav,0.000536352122371,0.11199317499,0.00226557736138,0.00501824200765,0.000424427304015,0.000142236978967,2.043859647
388,2555-a_n.wav,0.000918149139579,0.118056951262,0.00319424305927,0.00628205826004,0.000898585239006,0.000328139541109,5.026690115
389,2555-i_n.wav,0.000700853843212,0.177199271549,0.0046077432696,0.00873172110899,0.00302594001912,0.000760650764818,3.806873485
390,2555-phrase.wav,0.0083138416826,0.392500207132,0.0254036894073,0.0321349470937,0.043135522065,0.00168262114723,8.11603678
391,2555-u_n.wav,0.000432295219885,0.134660978203,0.00235897030593,0.0057221476673,0.000342746309751,0.000256477724665,2.370099304
392,2556-a_n.wav,0.00105893200765,0.171460779044,0.00374496564054,0.0074179110325,0.00154801998088,0.000239538011472,1.807808118
393,2556-i_n.wav,0.000697028221797,0.141885268088,0.00431003068834,0.00732159416826,0.00585097615679,0.00015699210325,2.628983763
394,2556-phrase.wav,0.00188603152964,0.239957163212,0.00816411791587,0.0135929586042,0.00952281254302,0.00153461340344,4.99036112
395,2556-u_n.wav,0.000404750745698,0.141305571797,0.00330237667304,0.0071513765392,0.000687249770554,0.00019036500956,3.154951399
396,2567-a_n.wav,0.00107346936902,0.152273674512,0.00364463208413,0.00683900344168,0.000673561434034,0.000282911816444,0.217520969
397,2567-i_n.wav,0.000444537208413,0.0952298886616,0.00317383795411,0.00547994390057,0.00180584304015,6.15586806883e-05,1.230910184
398,2567-phrase.wav,0.00145985724665,0.225362372447,0.00728215175908,0.0130791454302,0.00622127730402,0.00157103256214,6.107552196
399,2567-u_n.wav,0.000687846730402,0.139691338948,0.00280890525813,0.0062303856979,0.000246265047801,0.000333185028681,1.593571138
400,2574-a_n.wav,0.00175672535373,0.227878217553,0.00566749110899,0.010682740956,0.00177861097514,0.000618471395793,0.368837516
401,2574-i_n.wav,0.000489679541109,0.215428611185,0.0054182809369,0.0102565885468,0.00257661703633,0.000592340133843,2.131407577
402,2574-phrase.wav,0.00339409175908,0.26684966283,0.0115689823327,0.0167003985277,0.0223971171893,0.00177709921606,5.184069978
403,2574-u_n.wav,0.000634288030593,0.215453189044,0.00349536491396,0.00867558307839,0.000171489349904,0.000465397609943,2.747850249
404,2578-a_n.wav,0.00125021307839,0.152068585124,0.00357695458891,0.00648463936902,0.00144734697897,0.000110409426386,0.122131751
405,2578-i_n.wav,0.000478967801147,0.152190941013,0.00531621191205,0.00895569370937,0.0037010517782,6.90398852772e-05,0.904161362
406,2578-phrase.wav,0.0024262093499,0.241517789484,0.00922039782027,0.0152276256214,0.0104828659847,0.00182802447419,4.171706148
407,2578-u_n.wav,0.000522579885277,0.190030063384,0.0051327601912,0.0103659934417,0.000979120114723,0.000152593575526,2.893886511
408,2582-a_n.wav,0.00101302474187,0.100804451759,0.00355494793499,0.00535700137667,0.00301367640535,0.000134491223709,5.177016449
409,2582-i_n.wav,0.000697793441683,0.0818292586998,0.00334355478011,0.00472660736138,0.00252872527725,0.000129607342256,5.18869019
410,2582-phrase.wav,0.00187455472275,0.188350478126,0.00738767778203,0.0113363522945,0.0112285143786,0.00134568971319,6.63413352
411,2585-a_n.wav,0.000804145621415,0.14559146369,0.00388236594646,0.00742928730402,0.00133195107075,0.000244422581262,3.906662156
412,2585-i_n.wav,0.000398629751434,0.158702166673,0.00421404873805,0.00809859699809,0.00144027101338,0.000192009216061,3.26865914
413,2585-phrase.wav,0.00203446564054,0.295238146004,0.010933727782,0.0183796689675,0.0113932554302,0.0030804593499,5.259597023
414,2585-u_n.wav,0.000244839770554,0.101606396157,0.00224273992352,0.00515983424474,0.000166192179732,0.000378802390057,3.893023649
415,2588-a_n.wav,0.000935747017208,0.115830068432,0.00256462403442,0.00455441022945,0.00269739489484,0.000139805277247,5.019878188
416,2588-i_n.wav,0.000530231128107,0.154441862715,0.00431063034417,0.00855503036329,0.00239345680688,0.000364085889101,6.050993426
417,2588-phrase.wav,0.00308039076482,0.221188725296,0.00907009902486,0.0145538032887,0.0159687412811,0.00120367973231,7.601697853
418,2588-u_n.wav,0.000358843288719,0.111496310593,0.00229428745698,0.0053649358891,0.000336739273423,0.000218490745698,8.148536856
419,2600-a_n.wav,0.00065418126195,0.108706464627,0.00212105099426,0.00432456575526,0.000923037323136,0.000104362160612,2.157146253
420,2600-i_n.wav,0.000504216902486,0.207513373996,0.0060371841109,0.0103890320076,0.00347778347992,0.000316889196941,3.564520945
421,2600-phrase.wav,0.00275215237094,0.219492564455,0.00841943720841,0.0129145177438,0.0188730403824,0.000900138546845,5.554374028
422,2600-u_n.wav,0.000613629674952,0.206747033442,0.00378804705545,0.00936925543021,0.000305073824092,0.000551983250478,3.188112031
423,2602-a_n.wav,0.00075670791587,0.130869678011,0.00424117741874,0.00656573608031,0.00387876275335,0.000153792982792,6.401695553
424,2602-i_n.wav,0.000769715028681,0.177410406883,0.00713576644359,0.0101772345698,0.0044169993499,0.000267722275335,5.260433447
425,2602-phrase.wav,0.00328008824092,0.303002051185,0.0140169982027,0.0201468903059,0.026675654914,0.00288865556405,6.334013658
426,2602-u_n.wav,0.000311405583174,0.114073667553,0.00312390806883,0.00619349355641,0.000426874971319,0.000378845105163,4.85791335
427,2605-a_n.wav,0.00104362952199,0.150721337954,0.0037433100956,0.00715995690249,0.00130343147228,0.000292725697897,3.787471728
428,2605-i_n.wav,0.00079496414914,0.151165935793,0.00483602592734,0.00823453179732,0.00279618424474,0.00057062248566,4.627672014
429,2605-phrase.wav,0.00249277516252,0.284226514398,0.0106272860038,0.0173800348948,0.0130947838432,0.00238663801147,6.043664705
430,2605-u_n.wav,0.00055394998088,0.145225217266,0.00326676661568,0.00716200206501,0.000484734933078,0.00133502130019,3.197419807
431,2610-a_n.wav,0.000774305774379,0.11423806738,0.00248988829828,0.00467366070746,0.000709026940727,0.000302957055449,2.058488349
432,2610-i_n.wav,0.000952579732314,0.152122486444,0.00424427183556,0.00696879110899,0.00356663636711,0.000299693021033,2.341833342
433,2610-phrase.wav,0.00379731223709,0.320567460765,0.0121500629446,0.0191549033078,0.0196562206626,0.00276195332696,4.528173448
434,2610-u_n.wav,0.000255551510516,0.0951581546654,0.00173038003824,0.0040880393499,0.000187159445507,0.000293383479924,3.172080254
435,493-a_n.wav,0.000995426692161,0.151576910688,0.00365069208413,0.00717443359465,0.00143390543021,0.000106879751434,2.176005095
436,493-i_n.wav,0.000517989139579,0.170031011205,0.00530310424474,0.0101581187954,0.00178605166348,9.37303441683e-05,3.737706392
437,493-phrase.wav,0.00215841583174,0.188475731128,0.00664949665392,0.0114151778585,0.0121468775335,0.00114207751434,6.824882193
438,493-u_n.wav,0.000504216902486,0.156829694073,0.00309021403442,0.00742686583174,0.00033773499044,0.000138100229446,4.875312918
439,497-a_n.wav,0.00153866493308,0.234508469924,0.00546291826004,0.0110407814723,0.00120161091778,0.000185428202677,1.795197422
440,497-i_n.wav,0.000703149216061,0.21246371021,0.00519410650096,0.00995304592734,0.0012103901912,0.000259437284895,2.051491308
441,497-phrase.wav,0.00196560451243,0.174077996405,0.00635769298279,0.00991374462715,0.0116351728872,0.00101320451243,6.900333499
442,497-u_n.wav,0.000804910745698,0.232084599484,0.0036646014914,0.00905778351816,0.000254654952199,0.000415263288719,3.034382093
443,498-a_n.wav,0.000670248871893,0.139584892983,0.00346176898662,0.00662075432122,0.00123734655832,0.000104736195029,2.291163479
444,498-i_n.wav,0.00137645858509,0.22816987738,0.0099068185086,0.0132114503442,0.00634982567878,0.000226383957935,5.80631776
445,498-phrase.wav,0.00235122717017,0.198125412906,0.00806779370937,0.0121383936138,0.0141324147419,0.00146247917782,6.392625678
446,498-u_n.wav,0.000649590516252,0.133251956061,0.00288665395793,0.00613612309751,0.000431417227533,0.000485024302103,4.641790983
447,563-a_n.wav,0.000779661644359,0.116553855813,0.00266004615679,0.00495663407266,0.00100292885277,0.000407677648184,0.476465387
448,563-i_n.wav,0.000810266615679,0.191738348681,0.00556993493308,0.00941297007648,0.00998013630975,0.000312123843212,0.581192928
449,563-phrase.wav,0.00228619164436,0.216053161377,0.00894995294455,0.0134881071702,0.0196710995985,0.000826907762906,5.599835261
450,563-u_n.wav,0.000988540573614,0.221279786176,0.00503673441683,0.0104865953346,0.00145961202677,0.00107103441683,1.478092913
451,568-a_n.wav,0.00110101384321,0.241095093136,0.00602793567878,0.0120001406501,0.00161778445507,0.000222740764818,2.194924912
452,568-i_n.wav,0.000537882370937,0.228639348317,0.00676498139579,0.0128018745315,0.00215592910134,0.000341946864245,1.346288568
453,568-phrase.wav,0.00274297082218,0.321382490918,0.0134893865201,0.0204794414914,0.023904034914,0.00253319667304,5.832240136
454,568-u_n.wav,0.00051033789675,0.203217851855,0.00369992426386,0.00874372629063,0.000318325678776,0.000374799942639,2.408210231
455,715-a_n.wav,0.000833220344168,0.0928091818547,0.00238215862333,0.00399772237094,0.00159662472275,0.000148734531549,4.190706899
456,715-i_n.wav,0.000579199082218,0.164697893078,0.00563816881453,0.00898895531549,0.0059982499044,0.000339689904398,3.43559374
457,715-phrase.wav,0.00373304179732,0.282130089962,0.0117307820076,0.0171931585851,0.0252834247992,0.0031787275717,5.357222069
458,715-u_n.wav,0.000485853919694,0.101363427878,0.00259521741874,0.00526613936902,0.000512229349904,0.000169316845124,2.630478508
459,818-a_n.wav,0.000824803977055,0.127043714245,0.00275916021033,0.00569318621415,0.000637014321224,0.000299238718929,1.812033566
460,818-i_n.wav,0.000352722294455,0.118598960746,0.00320397328872,0.00531996466539,0.00487683374761,0.000183249655832,0.729099667
461,818-phrase.wav,0.00217218804971,0.229559375774,0.00842876204589,0.0135967706692,0.0109938380306,0.0013498917782,6.074153763
462,818-u_n.wav,0.000303754340344,0.106792329159,0.00266430652008,0.00579087095602,0.00042736210325,0.000318545793499,2.846596096
463,819-a_n.wav,0.00139941231358,0.226638418011,0.00761647531549,0.0125449968642,0.00244331254302,0.000142938221797,4.439791922
464,819-i_n.wav,0.000694732848948,0.239295179197,0.0101490337476,0.0144233842256,0.00593084734226,0.000237296539197,4.709422332
465,819-phrase.wav,0.00219667206501,0.215605082677,0.00820071173996,0.012931484608,0.0142569717973,0.00130316500956,6.078042721
466,819-u_n.wav,0.000927330630975,0.229090880287,0.00615519042065,0.012697425392,0.00129039967495,0.000536709120459,5.57996661
467,824-a_n.wav,0.000658006883365,0.118341789541,0.00271214606119,0.00552947864245,0.000665434856597,0.000179205678776,1.908757703
468,824-i_n.wav,0.000462135066922,0.118877424264,0.00290195462715,0.00565212258126,0.00129896206501,0.000385370210325,1.828187755
469,824-phrase.wav,0.00148663661568,0.158182034512,0.00516143824092,0.00855035686424,0.00751175546845,0.00142546468451,5.342063178
470,824-u_n.wav,0.000509572772467,0.150238583748,0.00299774669216,0.00710561095602,0.000239012294455,0.000613781395793,1.220406092
471,828-a_n.wav,0.00139252619503,0.207814278891,0.00454476743786,0.00867975460803,0.00120370942639,0.000410538087954,1.093365765
472,828-i_n.wav,0.00100154768642,0.240132525526,0.00849685227533,0.0141003123327,0.00485799730402,0.000380314933078,3.176269592
473,828-phrase.wav,0.00298551531549,0.245034082811,0.00938115699809,0.0145843391778,0.0194076834799,0.00175985736138,4.941175653
474,828-u_n.wav,0.000445302332696,0.113637562256,0.0024865332696,0.00534468101338,0.000443102944551,0.00020213625239,3.833775563
475,844-a_n.wav,0.000995426921606,0.0946579364627,0.00272115221797,0.00454721021033,0.00153413263862,0.000111912829828,3.37138111
476,844-i_n.wav,0.000603683059273,0.107614576424,0.00444786097514,0.00602459292543,0.00642866586998,9.95521797323e-05,4.280768216
477,844-phrase.wav,0.00575603066922,0.510857519101,0.0249728337285,0.0370161607075,0.0339009650402,0.00344750282983,6.186858514
478,844-u_n.wav,0.00056695709369,0.0949129314532,0.00259051531549,0.00514574671128,0.000412123097514,7.75842829828e-05,4.077476746
479,871-a_n.wav,0.00133820237094,0.234685739254,0.00597249520076,0.0111317112811,0.00238679904398,0.000614172428298,1.100222005
480,871-i_n.wav,0.00045907456979,0.139542543212,0.00421871948375,0.00735782047801,0.00257084728489,0.000201709369025,2.943815935
481,871-phrase.wav,0.00284320210325,0.319440251778,0.0128132207648,0.0204767468642,0.0210129857831,0.00210385053537,4.792018195
482,871-u_n.wav,0.00065418126195,0.222057080134,0.00597901596558,0.012141961109,0.00110623435946,0.000226288240918,3.760636521
483,884-a_n.wav,0.000445302332696,0.100009044895,0.00211858556405,0.00460647957935,0.000480976539197,0.000178525697897,2.672432039
484,884-i_n.wav,0.00021806042065,0.0992647375143,0.00223852015296,0.00468946246654,0.000618829732314,0.000259422581262,3.685181213
485,884-phrase.wav,0.00134661883365,0.182796444799,0.00607533204589,0.0111881081453,0.00567111384321,0.00106969736138,7.438774305
486,884-u_n.wav,0.000217295296367,0.0914780437285,0.00186739804971,0.00449471076482,0.000251559120459,0.000231217552581,4.087099285
487,886-a_n.wav,0.00028998210325,0.0998501174187,0.00260663152964,0.00503271315488,0.000831168030593,0.00011296292543,3.958864537
488,886-i_n.wav,0.00121731273423,0.208514304685,0.00624005338432,0.0114739478203,0.00195190307839,0.00031872208413,4.410969724
489,886-phrase.wav,0.00195642298279,0.198848133327,0.00752639554493,0.0122218151052,0.0104899040918,0.00133529217973,6.359739796
490,886-u_n.wav,0.000405515869981,0.122614624933,0.00257873508604,0.00586779256214,0.000409262428298,0.000182844435946,5.991172599
491,902-a_n.wav,0.00165266875717,0.10041286239,0.00419231694073,0.00568530544933,0.00519722105163,7.46405162524e-05,5.188069011
492,902-i_n.wav,0.0022953733652,0.210349633786,0.00816540523901,0.0125294473614,0.00813628913958,0.000272184359465,2.995346521
493,902-phrase.wav,0.0059572585086,0.345203323174,0.014804639847,0.0198024419694,0.0451261709369,0.00143903078394,6.257510405
494,902-u_n.wav,0.0012272593499,0.178654679331,0.00556106160612,0.010674431912,0.00143489447419,0.000418624034417,2.738642046
495,904-a_n.wav,0.000787312887189,0.149280382409,0.00297667219885,0.0064133656979,0.000777027992352,0.000157160286807,1.07143204
496,904-i_n.wav,0.000732989063098,0.24340995153,0.00577504709369,0.0120227820841,0.00228869690249,0.000401083441683,0.146044098
497,904-phrase.wav,0.00336807745698,0.315730544971,0.0125077766348,0.01979019174,0.0137205079159,0.00191639456979,5.410244236
498,904-u_n.wav,0.000580729330784,0.201593246692,0.00389670537285,0.00917772055449,0.000428065755258,0.000452131759082,2.012679214
499,910-a_n.wav,0.00131754407266,0.171158029273,0.00453054286807,0.00767226820268,0.00230295478011,0.000257275066922,2.029235688
500,910-i_n.wav,0.000971707858509,0.145874622543,0.00554850680688,0.0079118092543,0.00488170615679,0.000104264646272,3.035496373
501,910-phrase.wav,0.00498478539197,0.309714753633,0.0171353653728,0.0219645572658,0.0330875923709,0.00243466699809,6.484868882
502,910-u_n.wav,0.000893665162524,0.190113021262,0.00450952638623,0.00956521426386,0.00109545648184,0.000382084856597,3.251309477
503,918-a_n.wav,0.00237724173996,0.21408509283,0.00635006577438,0.00984221141491,0.00885573743786,0.000372495391969,7.210404023
504,918-i_n.wav,0.00414161847036,0.239276735641,0.0104205294455,0.012250074761,0.0552665235946,0.000323973135755,6.522950023
505,918-phrase.wav,0.00364352219885,0.365099399503,0.0148554809751,0.0217011202486,0.0239256172658,0.00243162384321,6.814880745
506,918-u_n.wav,0.00066183250478,0.131373953002,0.00356100432122,0.00653040279159,0.00151328156788,0.000362978718929,5.853951267
507,919-a_n.wav,0.00155702791587,0.215844601377,0.00566900933078,0.0104503113002,0.00169449586998,0.000132256347992,3.019145098
508,919-i_n.wav,0.000552419732314,0.158747518642,0.00475463434034,0.00818721646272,0.00225438642447,9.81269216061e-05,2.713546487
509,919-phrase.wav,0.00223492826004,0.197875051319,0.00841712539197,0.0126172009751,0.0117144991013,0.00184243795411,5.360995593
510,919-u_n.wav,0.000530231128107,0.152407756367,0.0024814358891,0.00612082661568,0.000130733671128,0.000450336061185,2.566031956
511,930-a_n.wav,0.000501921529637,0.0786425787189,0.001603818413,0.00328176774379,0.000282309732314,6.19471128107e-05,-1.187856486
512,930-i_n.wav,0.000427704474187,0.112247854207,0.00271044260038,0.00503157298279,0.001380583174,0.000210896003824,0.33211971
513,930-phrase.wav,0.00325789948375,0.385304261338,0.0149158290631,0.0242203541874,0.0188162339388,0.00286405112811,7.352481955
514,930-u_n.wav,0.000403220497132,0.118301570153,0.00250203829828,0.00558329535373,0.000391341529637,0.000358067533461,1.36355816
515,931-a_n.wav,0.00123414546845,0.241091107342,0.00549558055449,0.0103414656979,0.00333258464627,0.000444978795411,0.9743201
516,931-i_n.wav,0.000740640305927,0.241232660478,0.00613459405354,0.0103476472084,0.00580486284895,0.000395843824092,0.746700769
517,931-phrase.wav,0.00161976827916,0.176352164474,0.00639079049713,0.0102410447419,0.00891643950287,0.00158421145315,5.664720068
518,931-u_n.wav,0.000988540573614,0.184061407285,0.00429233531549,0.00888245479924,0.00123721097514,0.000340516443595,2.139673803
519,935-a_n.wav,0.00113544451243,0.179313754283,0.00532011961759,0.00939911087954,0.00335369684512,0.000152086175908,4.584260769
520,935-i_n.wav,0.000534821873805,0.137278817094,0.00483056843212,0.00826078627151,0.00265629240918,9.56477246654e-05,4.15612964
521,935-phrase.wav,0.00235505279159,0.178323461052,0.0077548908413,0.0112528831358,0.0123128931358,0.00116371533461,7.109220373
522,935-u_n.wav,0.000239483900574,0.150535757438,0.00378370407266,0.00815325759082,0.000663646978967,0.000254937609943,3.676477931
